location_id,latitude,longitude
1,36.8065,10.1815
2,36.8068,10.1818
3,36.8062,10.1812
4,36.8070,10.1820
5,36.8066,10.1813
6,36.8072,10.1817
7,36.8064,10.1821
8,36.8069,10.1814
9,36.8071,10.1822
10,36.8063,10.1819
11,36.8073,10.1815
12,36.8067,10.1823
13,36.8061,10.1816
14,36.8070,10.1819
15,36.8065,10.1820
16,36.8450,10.2650
17,36.8453,10.2653
18,36.8448,10.2647
19,36.8455,10.2652
20,36.8447,10.2655
21,36.8452,10.2648
22,36.8449,10.2651
23,36.8456,10.2649
24,36.8451,10.2654
25,36.8446,10.2649
26,36.8454,10.2656
27,36.8448,10.2652
28,36.8450,10.2646
29,36.8457,10.2651
30,36.8445,10.2653
31,36.7500,10.3500
32,36.7503,10.3502
33,36.7498,10.3497
34,36.7505,10.3504
35,36.7497,10.3501
36,36.7502,10.3498
37,36.7499,10.3503
38,36.7504,10.3499
39,36.7496,10.3505
40,36.7501,10.3500
41,36.9000,10.5000
42,36.7000,10.1000
43,36.9500,10.0500
44,36.6000,10.4000
45,37.0000,10.6000